CURRENT_BOOKING_ID,EMAIL,IC,MEMBERTYPE_ID,NAME,PASSWORD,PHONENUMBER,ROLE,USERNAME,USER_ID
,cfellon0@dmoz.org,298928-13-2102,NO,Carlye Fellon,z0hRmvgOuc,+351 298 606 3246,c,cfellon0,C10001
,bdugmore1@fc2.com,257957-91-8511,NO,Brock Dugmore,Klw0xbC,+7 403 863 2170,c,bdugmore1,C10002
,jrisbridger2@state.gov,309788-28-9616,PE,Jud Risbridger,Cv8w8WH,+7 711 809 7867,c,jrisbridger2,C10003
,sgeggus3@sakura.ne.jp,359494-84-9162,AU,Shell Geggus,BVR4wa6S,+57 733 450 0684,c,sgeggus3,C10004
,bskittrell4@samsung.com,912909-48-2787,AU,Beatriz Skittrell,gmaIgw,+86 771 198 3267,c,bskittrell4,C10005
,hcrosoer5@nymag.com,257312-24-4420,AU,Harri Crosoer,V0mhIjQ,,c,hcrosoer5,C10006
,otrewhitt6@bandcamp.com,,AU,Olivero Trewhitt,18Cz9sjc,+63 942 545 4113,c,otrewhitt6,C10007
,mtrimnell7@com.com,,AU,Manon Trimnell,7dTnfpUg6,,c,mtrimnell7,C10008
,tgotthard8@meetup.com,739003-93-8850,NO,Tybalt Gotthard,oCa9lMl,+86 630 455 5806,c,tgotthard8,C10009
,tthunnercliffe9@google.com,764386-21-1672,NO,Tomaso Thunnercliffe,rpYjji,,c,tthunnercliffe9,C10010
,cthorwartha@ameblo.jp,200509-96-6737,NO,Chrissy Thorwarth,HFosML4QG,+86 621 233 2559,c,cthorwartha,C10011
,skornb@cornell.edu,999163-74-3199,PE,Saudra Korn,OF2AugODMwl,+353 446 924 6224,c,skornb,C10012
,ltrevorrowc@pinterest.com,557679-39-5173,NO,Lorin Trevorrow,5L4YzqyxX,,c,ltrevorrowc,C10013
,bpharrod@mac.com,311885-37-4254,AU,Bart Pharro,zc52tZHz9U,+81 241 310 8714,c,bpharrod,C10014
,wsutherlande@yale.edu,799215-25-8683,PE,Wenonah Sutherland,OcDZSB4EyTqU,,c,wsutherlande,C10015
,icarnellf@amazon.co.uk,,AU,Ivette Carnell,TdxPCJX,+86 903 561 7057,c,icarnellf,C10016
,dleveringtong@washingtonpost.com,609835-29-5367,PE,Dudley Leverington,GjeG67Lfp,+86 419 710 0892,c,dleveringtong,C10017
,cdinkinh@nps.gov,154225-82-3919,AU,Collette Dinkin,fOJGR4ARn,+234 829 702 9396,c,cdinkinh,C10018
,hcowsbyi@sciencedirect.com,385310-25-8665,PE,Humberto Cowsby,1kAtFZ3xN6u,,c,hcowsbyi,C10019
,csargoodj@w3.org,,AU,Concordia Sargood,TctE1PE,,c,csargoodj,C10020
,mairliek@jimdo.com,551918-53-2181,AU,Mike Airlie,GtrUsKv,,c,mairliek,C10021
,kgalll@prweb.com,830272-68-7561,AU,Kellen Gall,6ihzIzX2VN7,,c,kgalll,C10022
,bpallem@mysql.com,,AU,Barbie Palle,WeChbJzpNER,,c,bpallem,C10023
,lblickn@deviantart.com,223757-90-3545,AU,Laural Blick,NU1TzsrMf,,c,lblickn,C10024
,lwaddamso@angelfire.com,998694-27-3799,AU,Lemuel Waddams,llTFdx,+55 631 297 5570,c,lwaddamso,C10025
,ttouzeyp@seattletimes.com,312299-61-6578,AU,Tracee Touzey,gIeImmV,+420 161 697 1906,c,ttouzeyp,C10026
,rduncansonq@yellowpages.com,853302-28-5211,AU,Rubie Duncanson,oOgvXYRewVu,+81 546 405 1480,c,rduncansonq,C10027
,gscirmanr@sogou.com,724782-33-4208,AU,Geri Scirman,Opcg0J0p,+57 392 547 2304,c,gscirmanr,C10028
,htrewmans@cornell.edu,232695-53-1399,NO,Harlen Trewman,oo1rPxhzj6z,+967 138 642 4134,c,htrewmans,C10029
,agoltont@naver.com,,PE,Anson Golton,ct0J4RerJn,+62 487 663 1211,c,agoltont,C10030
,jannu@slate.com,692968-24-4531,PE,Jo ann Ferriman,xh5orHwnwGcU,,c,jannu,C10031
,gmanninv@npr.org,,PE,Garfield Mannin,Ug1ku6vYyQE,+86 864 324 4936,c,gmanninv,C10032
,tcraytonw@so-net.ne.jp,,AU,Twyla Crayton,8I6loOU,+48 737 366 3215,c,tcraytonw,C10033
,asweetnamx@archive.org,,PE,Annamarie Sweetnam,Iey6fstZNX,,c,asweetnamx,C10034
,sarony@hibu.com,271430-26-2306,PE,Shana Aron,tUMb7I9,,c,sarony,C10035
,gtremmilz@freewebs.com,865069-79-8703,AU,Gaultiero Tremmil,JKzrkMCh,+242 744 854 3514,c,gtremmilz,C10036
,lwilkenson10@comcast.net,111213-86-9655,AU,Lucinda Wilkenson,o3IRosMF0b,,c,lwilkenson10,C10037
,jashard11@google.com.br,,PE,Juliane Ashard,u1BwxjXvov,+86 774 332 0152,c,jashard11,C10038
,vheffy12@umich.edu,807643-78-7195,NO,Viole Heffy,M72CACIUDf21,,c,vheffy12,C10039
,fwiltshaw13@illinois.edu,843283-75-6734,NO,Fanya Wiltshaw,RpoLPJyNe,+385 868 479 2752,c,fwiltshaw13,C10040
,blaimable14@ow.ly,503349-65-5048,PE,Britta Laimable,tMx07c,,c,blaimable14,C10041
,mpethick15@tinyurl.com,632820-85-5737,AU,Milo Pethick,L2k1y9,,c,mpethick15,C10042
,bdaniau16@mit.edu,,NO,Bendicty Daniau,Ivp61Uf0,,c,bdaniau16,C10043
,aguiu17@cbsnews.com,738482-92-7283,NO,Amalle Guiu,NeyHmOUujUmC,+52 725 647 1464,c,aguiu17,C10044
,pcookes18@archive.org,981426-66-9070,NO,Paulita Cookes,aNuvnpGP2g,,c,pcookes18,C10045
,aledrane19@nytimes.com,,AU,Alonso Ledrane,3yHLpZLPp,+48 232 479 2143,c,aledrane19,C10046
,kodd1a@imgur.com,574901-92-8393,AU,Killian Odd,rYhJT62pVNW,+33 404 294 3859,c,kodd1a,C10047
,wketcher1b@cnet.com,455338-84-1891,PE,Weston Ketcher,wOHRMW3V96y,+86 107 940 4712,c,wketcher1b,C10048
,rpierce1c@addthis.com,148750-70-1852,AU,Rolf Pierce,vPkJloGBg1,+86 719 138 2497,c,rpierce1c,C10049
,,299765-67-1454,PE,,RRSjoWHtS0,+86 680 842 5678,c,dianni1d,C10050
,bkng19@gmail.com,,NO,Lim Sai Keat2,Aa73218324,,c,yamakichisakura,C10052
